HFCS,Femmes,Hommes
1.0,-0.30573170662828625,-0.6472539917604672
-0.30573170662828625,1.0,0.7280935341187413
-0.6472539917604672,0.7280935341187413,1.0
